{
  "parameters": {
    "connectionName": "testConnection",
    "flowName": "testFlow",
    "resourceGroupName": "testRG",
    "api-version": "2025-03-01-preview",
    "subscriptionId": "00000000-0000-0000-0000-000000000000",
    "flow": {
      "properties": {
        "storageAccountName": "testsa",
        "storageContainerName": "testcontainer",
        "flowType": "Standard",
        "connection": {
          "id": "/subscriptions/00000000-0000-0000-0000-000000000000/resourceGroups/testRG/providers/Microsoft.AzureDataTransfer/connections/testConnection"
        }
      },
      "location": "East US"
    }
  },
  "responses": {
    "201": {
      "body": {
        "id": "/subscriptions/00000000-0000-0000-0000-000000000000/resourceGroups/testRG/providers/Microsoft.AzureDataTransfer/connections/testConnection/flows/testFlow",
        "type": "Microsoft.AzureDataTransfer/flows",
        "location": "East US"
      }
    },
    "200": {
      "body": {
        "id": "/subscriptions/00000000-0000-0000-0000-000000000000/resourceGroups/testRG/providers/Microsoft.AzureDataTransfer/connections/testConnection/flows/testFlow",
        "type": "Microsoft.AzureDataTransfer/flows",
        "location": "East US"
      }
    }
  }
}
