{
  "parameters": {
    "connectionName": "testConnection",
    "resourceGroupName": "testRG",
    "api-version": "2023-10-11-preview",
    "subscriptionId": "00000000-0000-0000-0000-000000000000",
    "connection": {
      "id": "/subscriptions/00000000-0000-0000-0000-000000000000/resourceGroups/testRG/providers/Microsoft.AzureDataTransfer/connections/testConnection"
    }
  },
  "responses": {
    "200": {
      "body": {
        "id": "/subscriptions/00000000-0000-0000-0000-000000000000/resourceGroups/testRG/providers/Microsoft.AzureDataTransfer/connections/testConnection",
        "type": "Microsoft.AzureDataTransfer/connection",
        "location": "East US"
      }
    },
    "202": {
      "headers": {
        "location": "http://management.azure.com/subscriptions/12345/providers/Microsoft.AzureDataTransfer/locations/eastUS?api-version=2023-10-11-preview"
      }
    }
  }
}
