{
  "parameters": {
    "accountName": "sampleacct",
    "resourceGroupName": "teleportalClient",
    "api-version": "2023-10-11-preview",
    "subscriptionId": "subid"
  },
  "responses": {
    "200": {
      "body": {
        "value": [
          {
            "name": "Microsoft.AzureDataTransfer/read",
            "display": {
              "provider": "CTS Experience",
              "resource": "Flow",
              "operation": "Read flows",
              "description": "Read flows"
            }
          },
          {
            "name": "Microsoft.AzureDataTransfer/write",
            "display": {
              "provider": "CTS Experience",
              "resource": "Flow",
              "operation": "Update flows",
              "description": "Update flows"
            }
          },
          {
            "name": "Microsoft.AzureDataTransfer/delete",
            "display": {
              "provider": "CTS Experience",
              "resource": "Flow",
              "operation": "Delete flows",
              "description": "Delete flows"
            }
          }
        ]
      }
    }
  }
}
