{
  "parameters": {
    "connectionName": "testConnection",
    "flowName": "testFlow",
    "resourceGroupName": "testRG",
    "api-version": "2024-09-11",
    "subscriptionId": "00000000-0000-0000-0000-000000000000",
    "flow": {
      "id": "/subscriptions/00000000-0000-0000-0000-000000000000/resourceGroups/testRG/providers/Microsoft.AzureDataTransfer/connections/testConnection/flows/testFlow"
    }
  },
  "responses": {
    "200": {
      "body": {
        "id": "/subscriptions/00000000-0000-0000-0000-000000000000/resourceGroups/testRG/providers/Microsoft.AzureDataTransfer/connections/testConnection/flows/testFlow",
        "type": "Microsoft.AzureDataTransfer/flows",
        "location": "East US"
      }
    },
    "202": {
      "headers": {
        "location": "http://management.azure.com/subscriptions/12345/providers/Microsoft.AzureDataTransfer/locations/eastUS?api-version=2024-09-11"
      }
    }
  }
}
