{
  "parameters": {
    "resourceGroupName": "testRG",
    "api-version": "2024-05-07",
    "subscriptionId": "00000000-0000-0000-0000-000000000000"
  },
  "responses": {
    "200": {
      "body": {
        "value": [
          {
            "name": "testPipeline",
            "id": "/subscriptions/00000000-0000-0000-0000-000000000000/resourceGroups/testRG/providers/Microsoft.AzureDataTransfer/pipelines/testPipeline",
            "type": "Microsoft.AzureDataTransfer/pipelines",
            "location": "East US",
            "properties": {
              "remoteCloud": "testdc"
            }
          },
          {
            "name": "testPipeline2",
            "id": "/subscriptions/00000000-0000-0000-0000-000000000000/resourceGroups/testRG/providers/Microsoft.AzureDataTransfer/pipelines/testPipeline2",
            "type": "Microsoft.AzureDataTransfer/pipelines",
            "location": "East US",
            "properties": {
              "remoteCloud": "testdc"
            }
          }
        ]
      }
    }
  }
}
