{
  "parameters": {
    "api-version": "2025-05-21",
    "connections": {
      "value": [
        "/subscriptions/00000000-0000-0000-0000-000000000000/resourceGroups/testRG/providers/Microsoft.AzureDataTransfer/connections/testConnection"
      ]
    },
    "pipelineName": "testPipeline",
    "resourceGroupName": "testRG",
    "subscriptionId": "00000000-0000-0000-0000-000000000000"
  },
  "responses": {
    "200": {
      "body": {
        "value": [
          {
            "flows": [
              {
                "type": "Microsoft.AzureDataTransfer/connections/flows",
                "id": "/subscriptions/00000000-0000-0000-0000-000000000000/resourceGroups/testRG/providers/Microsoft.AzureDataTransfer/connections/testConnection/flows/testFlow",
                "location": "East US",
                "properties": {
                  "flowType": "Standard",
                  "storageAccountName": "testsa",
                  "storageContainerName": "testcontainer"
                }
              },
              {
                "type": "Microsoft.AzureDataTransfer/connections/flows",
                "id": "/subscriptions/00000000-0000-0000-0000-000000000000/resourceGroups/testRG/providers/Microsoft.AzureDataTransfer/connections/testConnection/flows/testFlow2",
                "location": "East US",
                "properties": {
                  "flowType": "Standard",
                  "storageAccountName": "testsa",
                  "storageContainerName": "testcontainer"
                }
              }
            ],
            "id": "/subscriptions/00000000-0000-0000-0000-000000000000/resourceGroups/testRG/providers/Microsoft.AzureDataTransfer/connections/testConnection"
          }
        ]
      }
    }
  },
  "operationId": "ListFlowsByPipeline_List",
  "title": "Lists flows for a pipeline"
}
