{
  "title": "AzureDataTransfer_ListFlowProfiles_MaximumSet_Gen - generated by [MaximumSet] rule",
  "operationId": "AzureDataTransfer_ListFlowProfiles",
  "parameters": {
    "api-version": "2025-05-30-preview",
    "body": {}
  },
  "responses": {
    "200": {
      "body": [
        {
          "pipeline": "testPipeline",
          "name": "testFlowProfileA",
          "replicationScenario": "Messaging",
          "flowProfileId": "00000000-0000-0000-0000-000000000000",
          "status": "Obsolete",
          "description": "Testing 123"
        }
      ]
    }
  }
}
