{
  "operationId": "Pipelines_Get",
  "parameters": {
    "api-version": "2025-05-30-preview",
    "pipelineName": "testPipeline",
    "resourceGroupName": "testRG",
    "subscriptionId": "00000000-0000-0000-0000-000000000000"
  },
  "title": "Gets pipeline resource",
  "responses": {
    "200": {
      "body": {
        "type": "Microsoft.AzureDataTransfer/pipelines",
        "id": "/subscriptions/00000000-0000-0000-0000-000000000000/resourceGroups/testRG/providers/Microsoft.AzureDataTransfer/pipelines/testPipeline",
        "location": "East US"
      }
    }
  }
}
