{
  "operationId": "Flows_SetDestinationEndpoints",
  "parameters": {
    "api-version": "2025-05-30-preview",
    "connectionName": "testConnection",
    "flowName": "testFlow",
    "resourceGroupName": "testRG",
    "streamDestinationEndpoints": {
      "endpoints": [
        "10.0.0.1"
      ]
    },
    "subscriptionId": "00000000-0000-0000-0000-000000000000"
  },
  "title": "Set the flow stream destination endpoints",
  "responses": {
    "200": {
      "body": {
        "type": "Microsoft.AzureDataTransfer/connections/flows",
        "id": "/subscriptions/00000000-0000-0000-0000-000000000000/resourceGroups/testRG/providers/Microsoft.AzureDataTransfer/connections/testConnection/flows/testFlow",
        "location": "East US"
      }
    },
    "202": {
      "headers": {
        "location": "http://management.azure.com/subscriptions/12345/providers/Microsoft.AzureDataTransfer/locations/eastUS?api-version=2025-05-30-preview"
      }
    }
  }
}
